{
    "Button": {
        "text_color": [47, 117, 12],
        "text_color_focused": [7, 157, 2],
        "background_color": [[2, 48, 71], [2, 39, 63], [244,0,0]],
        "frame_color": [35, 18, 127]},

    "Label": {
        "text_color": [200, 154, 55]},
    
    "Label_2": {
        "text_color": [43, 113, 67]},

    "Background": {
        "menu_color": [23, 20, 17],
        "settings_color": [23, 22, 17],
        "menu_line_vertical": [0, 0, 0],
        "menu_line_horizontal": [200, 200, 180],
        "settings_line_vertical": [0, 0, 0],
        "settings_line_horizontal": [210, 190, 170]},

    "Python_IO": {"color": [234, 18, 189]},
    "Food": [[158, 42, 40], [222, 166, 11], [40, 212, 63], [11, 197, 222], [199, 103, 214], [11, 27, 212], [84, 219, 22], [219, 22, 206]]


}